event_name,sport_name
Basketball Men's Basketball,Basketball
Judo Men's Extra-Lightweight,Judo
Football Men's Football,Football
Tug-Of-War Men's Tug-Of-War,Tug-Of-War
Athletics Women's 100 metres,Athletics
Athletics Women's 4 x 100 metres Relay,Athletics
Swimming Men's 400 metres Freestyle,Swimming
Badminton Men's Singles,Badminton
Sailing Women's Windsurfer,Sailing
Swimming Men's 200 metres Breaststroke,Swimming
Swimming Men's 400 metres Breaststroke,Swimming
Gymnastics Men's Individual All-Around,Gymnastics
Gymnastics Men's Team All-Around,Gymnastics
Gymnastics Men's Floor Exercise,Gymnastics
Gymnastics Men's Horse Vault,Gymnastics
Gymnastics Men's Parallel Bars,Gymnastics
Gymnastics Men's Horizontal Bar,Gymnastics
Gymnastics Men's Rings,Gymnastics
Gymnastics Men's Pommelled Horse,Gymnastics
Athletics Men's Shot Put,Athletics
"Art Competitions Mixed Sculpturing, Unknown Event",Art Competitions
Handball Women's Handball,Handball
Weightlifting Women's Super-Heavyweight,Weightlifting
"Wrestling Men's Light-Heavyweight, Greco-Roman",Wrestling
"Gymnastics Men's Team All-Around, Free System",Gymnastics
Water Polo Men's Water Polo,Water Polo
Sailing Mixed Three Person Keelboat,Sailing
Hockey Women's Hockey,Hockey
Rowing Men's Lightweight Double Sculls,Rowing
Athletics Men's Pole Vault,Athletics
Athletics Men's High Jump,Athletics
Sailing Men's Two Person Dinghy,Sailing
"Athletics Men's 1,500 metres",Athletics
Swimming Men's 100 metres Butterfly,Swimming
Swimming Men's 200 metres Butterfly,Swimming
Swimming Men's 4 x 100 metres Medley Relay,Swimming
Football Women's Football,Football
"Fencing Men's Foil, Individual",Fencing
"Fencing Men's epee, Individual",Fencing
"Fencing Men's epee, Team",Fencing
Sailing Mixed 8 metres,Sailing
"Equestrianism Mixed Jumping, Individual",Equestrianism
"Shooting Men's Small-Bore Rifle, Prone, 50 metres",Shooting
"Shooting Men's Rapid-Fire Pistol, 25 metres",Shooting
Shooting Men's Trap,Shooting
Athletics Men's 4 x 100 metres Relay,Athletics
Athletics Men's Long Jump,Athletics
Boxing Men's Light-Welterweight,Boxing
Athletics Women's Javelin Throw,Athletics
"Wrestling Men's Heavyweight, Freestyle",Wrestling
Taekwondo Men's Flyweight,Taekwondo
Boxing Men's Heavyweight,Boxing
"Athletics Men's 5,000 metres",Athletics
"Cycling Men's Road Race, Individual",Cycling
"Cycling Men's Road Race, Team",Cycling
Weightlifting Men's Lightweight,Weightlifting
Weightlifting Men's Middleweight,Weightlifting
Rowing Men's Coxless Pairs,Rowing
Judo Men's Half-Middleweight,Judo
Taekwondo Women's Flyweight,Taekwondo
Boxing Men's Flyweight,Boxing
Basketball Women's Basketball,Basketball
Diving Men's Platform,Diving
"Canoeing Men's Canadian Doubles, 500 metres",Canoeing
"Canoeing Men's Canadian Doubles, 1,000 metres",Canoeing
"Canoeing Men's Kayak Fours, 1,000 metres",Canoeing
Handball Men's Handball,Handball
Rowing Women's Coxless Pairs,Rowing
Boxing Men's Middleweight,Boxing
Judo Men's Lightweight,Judo
Boxing Men's Featherweight,Boxing
Tennis Men's Doubles,Tennis
Shooting Mixed Skeet,Shooting
"Wrestling Men's Featherweight, Freestyle",Wrestling
Sailing Mixed Two Person Heavyweight Dinghy,Sailing
Athletics Women's Shot Put,Athletics
Rowing Men's Coxed Eights,Rowing
Cycling Women's Sprint,Cycling
Cycling Women's 500 metres Time Trial,Cycling
Athletics Men's 110 metres Hurdles,Athletics
Shooting Mixed Trap,Shooting
Athletics Women's Marathon,Athletics
Athletics Men's 100 metres,Athletics
"Fencing Men's Foil, Team",Fencing
"Fencing Men's Sabre, Team",Fencing
Swimming Men's 100 metres Freestyle,Swimming
Swimming Men's 4 x 200 metres Freestyle Relay,Swimming
Boxing Men's Lightweight,Boxing
Modern Pentathlon Men's Individual,Modern Pentathlon
Boxing Men's Welterweight,Boxing
Rowing Men's Quadruple Sculls,Rowing
Rowing Men's Double Sculls,Rowing
Rowing Men's Coxed Pairs,Rowing
Athletics Men's 400 metres Hurdles,Athletics
Athletics Men's 400 metres,Athletics
Athletics Men's Hammer Throw,Athletics
Weightlifting Men's Featherweight,Weightlifting
Athletics Men's 800 metres,Athletics
Hockey Men's Hockey,Hockey
Rowing Women's Single Sculls,Rowing
Swimming Men's 50 metres Freestyle,Swimming
Weightlifting Women's Featherweight,Weightlifting
Water Polo Women's Water Polo,Water Polo
Weightlifting Men's Heavyweight,Weightlifting
"Equestrianism Mixed Three-Day Event, Individual",Equestrianism
"Equestrianism Mixed Three-Day Event, Team",Equestrianism
Sailing Women's Three Person Keelboat,Sailing
"Cycling Women's Road Race, Individual",Cycling
Golf Women's Individual,Golf
Softball Women's Softball,Softball
Archery Women's Individual,Archery
"Wrestling Men's Heavyweight, Greco-Roman",Wrestling
Volleyball Men's Volleyball,Volleyball
Taekwondo Women's Heavyweight,Taekwondo
Synchronized Swimming Women's Duet,Synchronized Swimming
Synchronized Swimming Women's Team,Synchronized Swimming
Taekwondo Women's Featherweight,Taekwondo
Athletics Men's Marathon,Athletics
Athletics Men's 4 x 400 metres Relay,Athletics
"Athletics Men's 10,000 metres",Athletics
"Athletics Women's 3,000 metres",Athletics
Diving Women's Platform,Diving
"Shooting Men's Air Rifle, 10 metres",Shooting
Athletics Men's 200 metres,Athletics
Weightlifting Men's Flyweight,Weightlifting
Swimming Men's 100 metres Backstroke,Swimming
Weightlifting Men's Light-Heavyweight,Weightlifting
"Wrestling Men's Lightweight, Greco-Roman",Wrestling
"Fencing Men's Sabre, Individual",Fencing
"Wrestling Men's Super-Heavyweight, Greco-Roman",Wrestling
"Shooting Men's Free Pistol, 50 metres",Shooting
"Shooting Men's Air Pistol, 10 metres",Shooting
Rowing Men's Coxless Fours,Rowing
Boxing Men's Light-Flyweight,Boxing
Boxing Men's Super-Heavyweight,Boxing
"Wrestling Men's Flyweight, Greco-Roman",Wrestling
"Shooting Women's Air Rifle, 10 metres",Shooting
Weightlifting Men's Middle-Heavyweight,Weightlifting
Athletics Men's Javelin Throw,Athletics
Volleyball Women's Volleyball,Volleyball
"Wrestling Men's Welterweight, Greco-Roman",Wrestling
"Wrestling Men's Middleweight, Greco-Roman",Wrestling
"Athletics Men's 3,000 metres Steeplechase",Athletics
"Wrestling Men's Middleweight, Freestyle",Wrestling
Swimming Women's 100 metres Backstroke,Swimming
Swimming Women's 200 metres Backstroke,Swimming
Swimming Women's 4 x 100 metres Medley Relay,Swimming
"Wrestling Men's Light-Heavyweight, Freestyle",Wrestling
Modern Pentathlon Men's Team,Modern Pentathlon
Boxing Men's Bantamweight,Boxing
Athletics Women's 200 metres,Athletics
Table Tennis Women's Singles,Table Tennis
Table Tennis Women's Doubles,Table Tennis
Shooting Men's Skeet,Shooting
Swimming Women's 50 metres Freestyle,Swimming
"Shooting Men's Small-Bore Rifle, Three Positions, 50 metres",Shooting
Athletics Men's Triple Jump,Athletics
Weightlifting Women's Lightweight,Weightlifting
Athletics Women's Long Jump,Athletics
"Fencing Women's epee, Individual",Fencing
Swimming Men's 200 metres Freestyle,Swimming
Swimming Men's 4 x 100 metres Freestyle Relay,Swimming
Swimming Men's 200 metres Backstroke,Swimming
Swimming Men's 200 metres Individual Medley,Swimming
Swimming Men's 400 metres Individual Medley,Swimming
Badminton Women's Singles,Badminton
Boxing Men's Light-Middleweight,Boxing
Tennis Men's Singles,Tennis
"Wrestling Men's Bantamweight, Freestyle",Wrestling
"Wrestling Men's Flyweight, Freestyle",Wrestling
"Athletics Women's 5,000 metres",Athletics
Weightlifting Women's Light-Heavyweight,Weightlifting
Weightlifting Women's Heavyweight,Weightlifting
Athletics Men's Discus Throw,Athletics
Taekwondo Men's Featherweight,Taekwondo
Taekwondo Men's Welterweight,Taekwondo
Judo Men's Heavyweight,Judo
Cycling Men's Sprint,Cycling
"Wrestling Men's Lightweight, Freestyle",Wrestling
Baseball Men's Baseball,Baseball
Rowing Men's Coxed Fours,Rowing
Cycling Men's 100 kilometres Team Time Trial,Cycling
Rhythmic Gymnastics Women's Group,Rhythmic Gymnastics
"Art Competitions Mixed Architecture, Designs For Town Planning",Art Competitions
"Art Competitions Mixed Architecture, Architectural Designs",Art Competitions
Gymnastics Women's Individual All-Around,Gymnastics
Gymnastics Women's Team All-Around,Gymnastics
Gymnastics Women's Floor Exercise,Gymnastics
Gymnastics Women's Horse Vault,Gymnastics
Gymnastics Women's Uneven Bars,Gymnastics
Gymnastics Women's Balance Beam,Gymnastics
Diving Women's Springboard,Diving
Diving Women's Synchronized Springboard,Diving
"Athletics Women's 10,000 metres",Athletics
Sailing Mixed 7 metres,Sailing
Judo Women's Half-Middleweight,Judo
Athletics Men's Decathlon,Athletics
"Wrestling Men's Middleweight A, Greco-Roman",Wrestling
Athletics Women's Discus Throw,Athletics
Swimming Women's 4 x 100 metres Freestyle Relay,Swimming
"Athletics Women's 1,500 metres",Athletics
"Shooting Women's Air Pistol, 10 metres",Shooting
"Shooting Women's Sporting Pistol, 25 metres",Shooting
"Canoeing Men's Kayak Doubles, 500 metres",Canoeing
"Canoeing Men's Kayak Singles, 500 metres",Canoeing
"Canoeing Men's Kayak Singles, 1,000 metres",Canoeing
"Shooting Men's Running Target, 50 metres",Shooting
Judo Women's Half-Heavyweight,Judo
Athletics Women's Pole Vault,Athletics
Rugby Sevens Women's Rugby Sevens,Rugby Sevens
Table Tennis Men's Team,Table Tennis
Rowing Women's Coxed Eights,Rowing
Athletics Women's 4 x 400 metres Relay,Athletics
"Cycling Men's 1,000 metres Time Trial",Cycling
"Cycling Men's Individual Pursuit, 4,000 metres",Cycling
"Wrestling Men's Welterweight, Freestyle",Wrestling
"Wrestling Men's Bantamweight, Greco-Roman",Wrestling
Rowing Women's Lightweight Double Sculls,Rowing
Athletics Women's 800 metres,Athletics
Rowing Women's Coxed Quadruple Sculls,Rowing
Rhythmic Gymnastics Women's Individual,Rhythmic Gymnastics
"Canoeing Men's Kayak Singles, Slalom",Canoeing
Archery Men's Individual,Archery
Archery Men's Team,Archery
Athletics Women's 400 metres,Athletics
Trampolining Men's Individual,Trampolining
Beach Volleyball Men's Beach Volleyball,Beach Volleyball
"Cycling Women's Mountainbike, Cross-Country",Cycling
"Athletics Men's Javelin Throw, Both Hands",Athletics
Triathlon Women's Olympic Distance,Triathlon
Gymnastics Women's Team Portable Apparatus,Gymnastics
"Cycling Men's Mountainbike, Cross-Country",Cycling
Athletics Women's 400 metres Hurdles,Athletics
Diving Men's Springboard,Diving
"Wrestling Men's Featherweight, Greco-Roman",Wrestling
Table Tennis Men's Singles,Table Tennis
Art Competitions Mixed Painting,Art Competitions
Judo Men's Open Class,Judo
Rowing Women's Quadruple Sculls,Rowing
"Gymnastics Men's Team All-Around, Swedish System",Gymnastics
Athletics Women's Pentathlon,Athletics
"Art Competitions Mixed Painting, Unknown Event",Art Competitions
"Cycling Men's Team Pursuit, 4,000 metres",Cycling
Weightlifting Women's Middleweight,Weightlifting
"Swimming Men's 1,500 metres Freestyle",Swimming
"Wrestling Women's Light-Heavyweight, Freestyle",Wrestling
Swimming Women's 100 metres Freestyle,Swimming
"Equestrianism Men's Jumping, Individual",Equestrianism
"Equestrianism Men's Jumping, Team",Equestrianism
"Equestrianism Men's Three-Day Event, Individual",Equestrianism
"Equestrianism Men's Three-Day Event, Team",Equestrianism
Athletics Women's High Jump,Athletics
"Canoeing Women's Kayak Fours, 500 metres",Canoeing
Sailing Men's One Person Dinghy,Sailing
Trampolining Women's Individual,Trampolining
Art Competitions Mixed Literature,Art Competitions
Judo Men's Middleweight,Judo
Judo Men's Half-Lightweight,Judo
"Fencing Women's Foil, Team",Fencing
Swimming Women's 200 metres Butterfly,Swimming
Swimming Women's 400 metres Individual Medley,Swimming
Golf Men's Individual,Golf
Athletics Men's Standing High Jump,Athletics
Athletics Men's Standing Long Jump,Athletics
Athletics Men's 20 kilometres Walk,Athletics
Swimming Men's 220 yard Freestyle,Swimming
Swimming Men's 880 yard Freestyle,Swimming
Swimming Men's One Mile Freestyle,Swimming
Swimming Men's 4 x 50 Yard Freestyle Relay,Swimming
Swimming Men's Plunge For Distance,Swimming
"Shooting Men's Free Rifle, Three Positions, 300 metres",Shooting
"Shooting Men's Military Rifle, Three Positions, 300 metres",Shooting
"Shooting Men's Military Rifle, Any Position, 600 metres",Shooting
"Shooting Men's Military Rifle, 200, 400, 500 and 600 metres, Team",Shooting
"Shooting Men's Military Rifle, Prone, 300 metres",Shooting
Judo Men's Half-Heavyweight,Judo
Archery Women's Team,Archery
Athletics Men's 50 kilometres Walk,Athletics
Rowing Women's Double Sculls,Rowing
Sailing Mixed 6 metres,Sailing
Boxing Men's Light-Heavyweight,Boxing
Boxing Women's Flyweight,Boxing
Athletics Women's 100 metres Hurdles,Athletics
"Athletics Men's Discus Throw, Greek Style",Athletics
Sailing Mixed One Person Dinghy,Sailing
"Wrestling Women's Heavyweight, Freestyle",Wrestling
Badminton Mixed Doubles,Badminton
"Fencing Women's Foil, Individual",Fencing
Sailing Mixed Two Person Keelboat,Sailing
"Shooting Men's Military Rifle, 300 metres and 600 metres, Prone, Team",Shooting
Table Tennis Men's Doubles,Table Tennis
"Wrestling Men's Light-Flyweight, Freestyle",Wrestling
"Wrestling Women's Featherweight, Freestyle",Wrestling
Swimming Women's 200 metres Freestyle,Swimming
Swimming Women's 400 metres Freestyle,Swimming
Swimming Women's 200 metres Individual Medley,Swimming
Sailing Men's Windsurfer,Sailing
"Shooting Men's Running Target, Single Shot",Shooting
"Shooting Men's Running Target, Double Shot",Shooting
Rugby Sevens Men's Rugby Sevens,Rugby Sevens
"Wrestling Women's Lightweight, Freestyle",Wrestling
Modern Pentathlon Women's Individual,Modern Pentathlon
"Canoeing Men's Canadian Doubles, Slalom",Canoeing
Judo Women's Half-Lightweight,Judo
Diving Women's Plain High,Diving
"Equestrianism Men's Dressage, Individual",Equestrianism
"Equestrianism Men's Dressage, Team",Equestrianism
"Tennis Women's Singles, Covered Courts",Tennis
Diving Men's Plain High,Diving
"Shooting Mixed Small-Bore Rifle, Three Positions, 50 metres",Shooting
"Shooting Mixed Small-Bore Rifle, Prone, 50 metres",Shooting
Swimming Women's 800 metres Freestyle,Swimming
Sailing Women's Two Person Dinghy,Sailing
"Shooting Men's Free Pistol, 50 metres, Team",Shooting
"Shooting Men's Free Rifle, Three Positions, 300 metres, Team",Shooting
"Shooting Men's Military Rifle, Prone, 300 metres, Team",Shooting
"Shooting Men's Military Rifle, Prone, 600 metres, Team",Shooting
"Shooting Men's Military Rifle, Standing, 300 metres, Team",Shooting
"Shooting Men's Free Rifle, Prone, 600 metres",Shooting
"Shooting Men's Free Rifle, 400, 600 and 800 metres, Team",Shooting
Rowing Men's Single Sculls,Rowing
"Cycling Men's Tandem Sprint, 2,000 metres",Cycling
Athletics Women's Heptathlon,Athletics
Cycling Men's Points Race,Cycling
Synchronized Swimming Women's Solo,Synchronized Swimming
"Equestrianism Mixed Dressage, Individual",Equestrianism
"Equestrianism Mixed Dressage, Team",Equestrianism
Swimming Men's 100 metres Breaststroke,Swimming
"Shooting Mixed Free Pistol, 50 metres",Shooting
Sailing Women's Skiff,Sailing
"Canoeing Men's Kayak Doubles, 10,000 metres",Canoeing
Triathlon Men's Olympic Distance,Triathlon
Sailing Women's One Person Dinghy,Sailing
Rowing Men's 17-Man Naval Rowing Boats,Rowing
Beach Volleyball Women's Beach Volleyball,Beach Volleyball
Weightlifting Men's Super-Heavyweight,Weightlifting
Rowing Men's Lightweight Coxless Fours,Rowing
"Wrestling Men's Light-Flyweight, Greco-Roman",Wrestling
"Canoeing Men's Canadian Singles, 1,000 metres",Canoeing
Sailing Mixed 5.5 metres,Sailing
"Equestrianism Mixed Jumping, Team",Equestrianism
Diving Men's Synchronized Platform,Diving
"Canoeing Women's Kayak Singles, Slalom",Canoeing
Weightlifting Women's Flyweight,Weightlifting
Swimming Women's 100 metres Breaststroke,Swimming
Swimming Women's 200 metres Breaststroke,Swimming
"Wrestling Men's Middleweight B, Greco-Roman",Wrestling
Athletics Men's Stone Throw,Athletics
"Athletics Men's Javelin Throw, Freestyle",Athletics
Athletics Men's Pentathlon (Ancient),Athletics
"Shooting Women's Small-Bore Rifle, Three Positions, 50 metres",Shooting
Swimming Women's 100 metres Butterfly,Swimming
Weightlifting Men's Heavyweight I,Weightlifting
"Athletics Women's 3,000 metres Steeplechase",Athletics
"Athletics Men's Shot Put, Both Hands",Athletics
Shooting Women's Trap,Shooting
Badminton Men's Doubles,Badminton
Swimming Women's 4 x 200 metres Freestyle Relay,Swimming
Athletics Men's 10 kilometres Walk,Athletics
Athletics Women's 20 kilometres Walk,Athletics
Athletics Women's 80 metres Hurdles,Athletics
Sailing Men's One Person Heavyweight Dinghy,Sailing
"Art Competitions Mixed Painting, Paintings",Art Competitions
"Tennis Mixed Doubles, Covered Courts",Tennis
Cycling Men's Madison,Cycling
"Art Competitions Mixed Sculpturing, Statues",Art Competitions
Rugby Men's Rugby,Rugby
Weightlifting Men's Heavyweight II,Weightlifting
"Canoeing Women's Kayak Doubles, 500 metres",Canoeing
Cycling Men's Individual Time Trial,Cycling
Judo Women's Heavyweight,Judo
"Canoeing Men's Kayak Doubles, 1,000 metres",Canoeing
"Gymnastics Men's Individual All-Around, 5 Events",Gymnastics
"Wrestling Men's Super-Heavyweight, Freestyle",Wrestling
"Fencing Women's Sabre, Team",Fencing
Shooting Men's Double Trap,Shooting
Weightlifting Men's Bantamweight,Weightlifting
Taekwondo Men's Heavyweight,Taekwondo
Sailing Mixed Windsurfer,Sailing
Taekwondo Women's Welterweight,Taekwondo
"Shooting Mixed Free Rifle, Three Positions, 300 metres",Shooting
Cycling Men's 50 kilometres,Cycling
"Shooting Mixed Rapid-Fire Pistol, 25 metres",Shooting
Cycling Men's 333 metres Time Trial,Cycling
Cycling Men's 20 kilometres,Cycling
"Canoeing Men's Kayak Singles, 10,000 metres",Canoeing
Sailing Mixed Open,Sailing
Sailing Mixed 1-2 Ton,Sailing
"Canoeing Men's Canadian Singles, Slalom",Canoeing
Sailing Mixed Multihull,Sailing
Badminton Women's Doubles,Badminton
Diving Women's Synchronized Platform,Diving
Athletics Women's Triple Jump,Athletics
"Art Competitions Mixed Painting, Drawings And Water Colors",Art Competitions
"Shooting Men's Dueling Pistol, 30 metres",Shooting
Boxing Women's Lightweight,Boxing
Cycling Women's BMX,Cycling
"Canoeing Men's Kayak Doubles, 200 metres",Canoeing
"Fencing Men's Sabre, Masters, Individual",Fencing
Lacrosse Men's Lacrosse,Lacrosse
"Canoeing Women's Kayak Singles, 500 metres",Canoeing
Athletics Women's 10 kilometres Walk,Athletics
Sailing Mixed 12 metres,Sailing
Judo Women's Extra-Lightweight,Judo
Diving Men's Synchronized Springboard,Diving
"Rowing Men's Coxed Fours, Outriggers",Rowing
Gymnastics Men's Rope Climbing,Gymnastics
Sailing Mixed Two Person Dinghy,Sailing
"Art Competitions Mixed Architecture, Unknown Event",Art Competitions
"Archery Men's Target Archery, 28 metres, Team",Archery
"Archery Men's Target Archery, 33 metres, Team",Archery
"Archery Men's Target Archery, 50 metres, Team",Archery
"Shooting Men's Running Target, 10 metres",Shooting
Polo Men's Polo,Polo
"Rowing Men's Coxed Fours, Inriggers",Rowing
Cycling Men's BMX,Cycling
Art Competitions Mixed Sculpturing,Art Competitions
"Athletics Men's Cross-Country, Individual",Athletics
"Athletics Men's Cross-Country, Team",Athletics
Sailing Mixed 40 metres,Sailing
Gymnastics Men's Club Swinging,Gymnastics
Tennis Women's Singles,Tennis
Tennis Mixed Doubles,Tennis
Tennis Women's Doubles,Tennis
Judo Women's Middleweight,Judo
Judo Women's Lightweight,Judo
"Canoeing Women's Kayak Singles, 200 metres",Canoeing
Canoeing Men's Kayak Relay 4 x 500 metres,Canoeing
"Athletics Men's 3,000 metres, Team",Athletics
"Shooting Men's Small-Bore Rifle, Prone, 50 and 100 yards",Shooting
"Shooting Men's Small-Bore Rifle, 50 and 100 yards, Team",Shooting
"Shooting Men's Small-Bore Rifle, Disappearing Target, 25 yards",Shooting
"Shooting Men's Small-Bore Rifle, Moving Target, 25 yards",Shooting
"Shooting Men's Military Pistol, Team",Shooting
Rowing Women's Coxed Fours,Rowing
"Weightlifting Men's Unlimited, One Hand",Weightlifting
"Canoeing Men's Canadian Singles, 500 metres",Canoeing
"Fencing Men's Foil, Masters, Individual",Fencing
"Fencing Men's epee, Masters, Individual",Fencing
"Gymnastics Men's Individual All-Around, Field Sports",Gymnastics
"Gymnastics Men's Individual All-Around, Apparatus Work",Gymnastics
"Art Competitions Mixed Music, Compositions For Solo Or Chorus",Art Competitions
"Fencing Women's epee, Team",Fencing
"Swimming Men's 4,000 metres Freestyle",Swimming
Swimming Men's Underwater Swimming,Swimming
Sailing Mixed Skiff,Sailing
"Shooting Men's Military Rifle, 200/500/600/800/900/1,000 Yards, Team",Shooting
"Shooting Men's Running Target, Single And Double Shot",Shooting
"Shooting Men's Small-Bore Rifle, Any Position, 50 metres",Shooting
"Shooting Men's Small-Bore Rifle, Disappearing Target, 25 metres",Shooting
Swimming Women's 10 kilometres Open Water,Swimming
"Cycling Men's Team Pursuit, 1,980 yards",Cycling
"Cycling Men's 5,000 metres",Cycling
Cycling Men's 100 kilometres,Cycling
Cricket Men's Cricket,Cricket
"Canoeing Men's Canadian Singles, 10,000 metres",Canoeing
Boxing Women's Middleweight,Boxing
Sailing Men's Skiff,Sailing
Athletics Men's Pentathlon,Athletics
"Swimming Men's 1,200 metres Freestyle",Swimming
Shooting Women's Skeet,Shooting
Cycling Men's 1/4 mile,Cycling
Cycling Men's 1/2 mile,Cycling
Cycling Men's 5 mile,Cycling
Cycling Men's 25 mile,Cycling
"Shooting Men's Small-Bore Rifle, Standing, 50 metres",Shooting
"Shooting Men's Small Bore-Rifle, Standing, 50 metres, Team",Shooting
"Shooting Men's Free Rifle, 1,000 Yards",Shooting
Cycling Women's Team Pursuit,Cycling
"Athletics Men's 3,000 metres Walk",Athletics
"Shooting Mixed Running Target, 50 metres",Shooting
Cycling Women's Individual Time Trial,Cycling
"Fencing Women's Sabre, Individual",Fencing
"Fencing Men's Sabre, Individual, Three Hits",Fencing
Archery Women's Double National Round,Archery
Cycling Men's Omnium,Cycling
Equestrianism Mixed Hacks And Hunter Combined,Equestrianism
Sailing Mixed 10 metres,Sailing
"Shooting Men's Trap, Team",Shooting
"Cycling Women's Individual Pursuit, 3,000 metres",Cycling
Cycling Women's Points Race,Cycling
Sailing Men's Two Person Keelboat,Sailing
Cycling Men's Keirin,Cycling
Cycling Men's Team Sprint,Cycling
Athletics Men's 5 mile,Athletics
"Shooting Men's Running Target, Single Shot, Team",Shooting
Ice Hockey Men's Ice Hockey,Ice Hockey
Racquets Men's Singles,Racquets
Racquets Men's Doubles,Racquets
"Art Competitions Mixed Literature, Lyric Works",Art Competitions
Motorboating Mixed A-Class (Open),Motorboating
Archery Men's Continental Style,Archery
"Art Competitions Mixed Painting, Graphic Arts",Art Competitions
"Wrestling Women's Flyweight, Freestyle",Wrestling
"Art Competitions Mixed Literature, Unknown Event",Art Competitions
Sailing Mixed 0.5-1 Ton,Sailing
"Art Competitions Mixed Painting, Applied Arts",Art Competitions
"Croquet Mixed Singles, One Ball",Croquet
Croquet Mixed Doubles,Croquet
"Shooting Men's Running Target, Double Shot, Team",Shooting
"Shooting Men's Free Pistol, 50 yards",Shooting
"Shooting Men's Free Pistol, 50 yards, Team",Shooting
"Fencing Men's epee, Masters and Amateurs, Individual",Fencing
Swimming Men's 10 kilometres Open Water,Swimming
"Art Competitions Mixed Music, Compositions For Orchestra",Art Competitions
Archery Men's Double York Round,Archery
"Wrestling Women's Middleweight, Freestyle",Wrestling
"Equestrianism Men's Vaulting, Individual",Equestrianism
Swimming Men's 4 x 250 metres Freestyle Relay,Swimming
Table Tennis Women's Team,Table Tennis
Athletics Women's Hammer Throw,Athletics
"Canoeing Men's Kayak Singles, 200 metres",Canoeing
Shooting Women's Double Trap,Shooting
Rowing Men's 6-Man Naval Rowing Boats,Rowing
Art Competitions Mixed Music,Art Competitions
"Shooting Men's Free Rifle, Kneeling, 300 metres",Shooting
"Shooting Men's Free Rifle, Prone, 300 metres",Shooting
"Shooting Men's Free Rifle, Standing, 300 metres",Shooting
"Athletics Men's 3,200 metres Steeplechase",Athletics
Rowing Women's Coxless Fours,Rowing
"Tennis Men's Doubles, Covered Courts",Tennis
"Tennis Men's Singles, Covered Courts",Tennis
Cycling Men's 25 kilometres,Cycling
"Shooting Men's Military Rifle, 200 metres",Shooting
Athletics Men's Standing Triple Jump,Athletics
Rowing Men's Coxed Pairs (1 kilometres),Rowing
"Shooting Men's Military Pistol, 30 metres",Shooting
Cycling Women's Keirin,Cycling
"Archery Men's Au Cordon Dore, 50 metres",Archery
Figure Skating Men's Singles,Figure Skating
Figure Skating Mixed Pairs,Figure Skating
Swimming Women's 300 metres Freestyle,Swimming
"Canoeing Men's Canadian Singles, 200 metres",Canoeing
Sailing Mixed 30 metres,Sailing
"Athletics Men's 4,000 metres Steeplechase",Athletics
"Athletics Men's 5,000 metres, Team",Athletics
Rowing Men's Coxed Pairs (1 mile),Rowing
Art Competitions Mixed Unknown Event,Art Competitions
Cycling Women's Omnium,Cycling
Swimming Men's 200 metres Obstacle Course,Swimming
Swimming Men's 200 metres Team Swimming,Swimming
Sailing Mixed 12 foot,Sailing
"Art Competitions Mixed Music, Instrumental And Chamber",Art Competitions
"Art Competitions Mixed Music, Vocals",Art Competitions
"Art Competitions Mixed Literature, Dramatic Works",Art Competitions
Jeu De Paume Men's Singles,Jeu De Paume
Sailing Mixed 10-20 Ton,Sailing
Cycling Men's 1/3 mile,Cycling
Cycling Men's 1 mile,Cycling
Cycling Men's 2 mile,Cycling
"Art Competitions Mixed Sculpturing, Medals And Plaques",Art Competitions
"Athletics Men's 1,600 metres Medley Relay",Athletics
"Croquet Mixed Singles, Two Balls",Croquet
"Canoeing Men's Folding Kayak Doubles, 10 kilometres",Canoeing
Athletics Men's 60 metres,Athletics
Sailing Mixed 2-3 Ton,Sailing
"Shooting Men's Military Rifle, Prone, 600 metres",Shooting
"Canoeing Men's Canadian Doubles, 10,000 metres",Canoeing
"Shooting Men's Dueling Pistol, 30 metres, Team",Shooting
"Gymnastics Men's Parallel Bars, Teams",Gymnastics
"Gymnastics Men's Horizontal Bar, Teams",Gymnastics
"Shooting Men's Small-Bore Rifle, Disappearing Target, 25 metres, Team",Shooting
"Art Competitions Mixed Sculpturing, Medals And Reliefs",Art Competitions
"Athletics Men's 1,500 metres Walk",Athletics
"Athletics Men's 3 mile, Team",Athletics
"Art Competitions Mixed Sculpturing, Medals",Art Competitions
"Shooting Men's Military Rifle, Kneeling Or Standing, 300 metres",Shooting
"Equestrianism Men's Vaulting, Team",Equestrianism
"Shooting Men's Free Rifle, Any Position, 300 metres",Shooting
"Shooting Men's Military Rifle, 1873-1874 Gras Model, Kneeling Or Standing, 200 metres",Shooting
Swimming Men's 100 Yard Backstroke,Swimming
Swimming Men's 440 Yard Breaststroke,Swimming
"Art Competitions Mixed Literature, Epic Works",Art Competitions
Art Competitions Mixed Architecture,Art Competitions
"Athletics Men's 3,500 metres Walk",Athletics
Roque Men's Singles,Roque
Gymnastics Men's Side Horse,Gymnastics
Archery Men's Double American Round,Archery
Archery Men's Team Round,Archery
"Archery Men's Target Archery, 33 metres, Individual",Archery
"Archery Men's Target Archery, 50 metres, Individual",Archery
"Swimming Men's 1,000 metres Freestyle",Swimming
Athletics Men's 10 mile Walk,Athletics
"Athletics Men's Discus Throw, Both Hands",Athletics
Golf Men's Team,Golf
Sailing Mixed 0-0.5 Ton,Sailing
Sailing Mixed 20+ Ton,Sailing
Cycling Women's Team Sprint,Cycling
"Weightlifting Men's Unlimited, Two Hands",Weightlifting
"Shooting Men's Free Pistol, 25 metres",Shooting
"Shooting Men's Military Revolver, 1873-1874 Gras Model, 20 metres",Shooting
"Shooting Men's Military Revolver, 20 metres",Shooting
Shooting Men's Dueling Pistol Au Vise 20 metres,Shooting
"Shooting Men's Dueling Pistol Au Commandement, 25 metres",Shooting
"Shooting Men's Small-Bore Rifle, Prone, 50 metres, Team",Shooting
Sailing Mixed 6.5 metres,Sailing
Athletics Men's 200 metres Hurdles,Athletics
Athletics Men's 56-pound Weight Throw,Athletics
Equestrianism Mixed Four-In-Hand Competition,Equestrianism
"Athletics Men's 2,500 metres Steeplechase",Athletics
"Art Competitions Mixed Music, Unknown Event",Art Competitions
Athletics Men's All-Around Championship,Athletics
"Archery Men's Pole Archery, Small Birds, Individual",Archery
"Archery Men's Pole Archery, Large Birds, Individual",Archery
"Archery Men's Pole Archery, Small Birds, Team",Archery
"Archery Men's Pole Archery, Large Birds, Team",Archery
"Athletics Men's 2,590 metres Steeplechase",Athletics
Archery Women's Double Columbia Round,Archery
"Athletics Men's 4 mile, Team",Athletics
Figure Skating Men's Special Figures,Figure Skating
"Shooting Men's Military Rifle, Standing, 300 metres",Shooting
Swimming Men's 50 yard Freestyle,Swimming
Swimming Men's 100 yard Freestyle,Swimming
Swimming Men's 440 yard Freestyle,Swimming
Basque Pelota Men's Two-Man Teams With Cesta,Basque Pelota
"Shooting Men's Trap, Single Shot, 16 metres",Shooting
"Shooting Men's Trap, Double Shot, 14 metres",Shooting
Equestrianism Mixed Long Jump,Equestrianism
"Canoeing Men's Folding Kayak Singles, 10 kilometres",Canoeing
"Shooting Men's Free Pistol, 30 metres",Shooting
"Shooting Men's Military Pistol, 25 metres",Shooting
Swimming Men's 100 metres Freestyle For Sailors,Swimming
Archery Men's Sur La Perche a La Herse,Archery
Sailing Mixed 3-10 Ton,Sailing
"Gymnastics Men's Individual All-Around, 4 Events",Gymnastics
Alpinism Mixed Alpinism,Alpinism
"Wrestling Men's Unlimited Class, Greco-Roman",Wrestling
Motorboating Mixed B-Class (Under 60 Feet),Motorboating
Motorboating Mixed C-Class,Motorboating
"Cycling Men's 10,000 metres",Cycling
"Art Competitions Mixed Sculpturing, Reliefs",Art Competitions
"Shooting Men's Muzzle-Loading Pistol, 25 metres",Shooting
Equestrianism Mixed High Jump,Equestrianism
Archery Men's Sur La Perche a La Pyramide,Archery
"Fencing Men's Single Sticks, Individual",Fencing
Figure Skating Women's Singles,Figure Skating
Gymnastics Men's Tumbling,Gymnastics
Shooting Men's Unknown Event,Shooting
Sailing Mixed 18 foot,Sailing
Archery Men's Unknown Event,Archery
"Archery Men's Au Chapelet, 50 metres",Archery
Archery Men's Championnat Du Monde,Archery
Archery Women's Team Round,Archery
"Wrestling Men's All-Around, Greco-Roman",Wrestling
Cycling Men's 12-Hours Race,Cycling
Swimming Men's 500 metres Freestyle,Swimming
Weightlifting Men's All-Around Dumbbell Contest,Weightlifting
"Archery Men's Au Chapelet, 33 metres",Archery
"Archery Men's Au Cordon Dore, 33 metres",Archery
"Archery Men's Target Archery, 28 metres, Individual",Archery
Aeronautics Mixed Aeronautics,Aeronautics
Women's Road Race,Cycling Road
Women's Individual Time Trial,Cycling Road
Men's All-Around,Artistic Gymnastics
Men's Floor Exercise,Artistic Gymnastics
Men's Pommel Horse,Artistic Gymnastics
Men's Rings,Artistic Gymnastics
Men's Vault,Artistic Gymnastics
Men's Parallel Bars,Artistic Gymnastics
Men's Horizontal Bar,Artistic Gymnastics
Men's Team,Artistic Gymnastics
Men's Pair Team,Rowing
Men Team,Basketball
Women Team,Basketball
Men Team,Handball
Lightweight Men's Double Sculls Team,Rowing
Men's 100m Breaststroke,Swimming
Women's Kumite +61kg,Karate
Men's Greco-Roman 87kg,Wrestling
Women Team,Handball
Group All-Around Team,Rhythmic Gymnastics
Softball Team,Baseball/Softball
Men's 800m,Athletics
Men -73 kg,Judo
10m Air Pistol Women,Shooting
10m Air Pistol Mixed Team,Shooting
10m Air Pistol Men,Shooting
Men -81 kg,Judo
Men's Kumite -75kg,Karate
Women's Team,Table Tennis
Men -66 kg,Judo
Men's Freestyle 125kg,Wrestling
Men's Javelin Throw,Athletics
Men Team,Football
Women -49kg,Taekwondo
Men's 3000m Steeplechase,Athletics
Men's Marathon,Athletics
Women's All-Around,Artistic Gymnastics
Women's Vault,Artistic Gymnastics
Women's Uneven Bars,Artistic Gymnastics
Women's Balance Beam,Artistic Gymnastics
Women's Floor Exercise,Artistic Gymnastics
Women's Épée Individual,Fencing
Women's Singles,Badminton
Men's Heavy (81-91kg),Boxing
Men's Freestyle 57kg,Wrestling
Men's Greco-Roman 130kg,Wrestling
Men's 73kg,Weightlifting
Men's Super Heavy (+91kg),Boxing
Men's Individual,Archery
Men's Team,Archery
Men's Light (57-63kg),Boxing
Men's Freestyle 74kg,Wrestling
Mixed Team,Judo
Men's 400m Hurdles,Athletics
Women -52 kg,Judo
Women's 3000m Steeplechase,Athletics
Men's Sabre Individual,Fencing
Men's Sabre Team,Fencing
Women's 3m Springboard,Diving
Women's Synchronised 3m Springboard Team,Diving
Men's Singles,Badminton
Men's 100m Freestyle,Swimming
Men Team,Beach Volleyball
Women's Skiff - 49er  Team,Sailing
Men's 5000m,Athletics
Women's 100m,Athletics
Men's Foil Individual,Fencing
Men's Foil Team,Fencing
Women's 76kg,Weightlifting
Men Team,Hockey
Women's 400m,Athletics
Men's Shot Put,Athletics
Men,Trampoline Gymnastics
Men's 10km,Marathon Swimming
Women's Single Sculls,Rowing
Men's 1500m Freestyle,Swimming
Men's 4 x 400m Relay Team,Athletics
4 x 400m Relay Mixed Team,Athletics
Mixed 4 x 100m Medley Relay Team,Swimming
Men -68kg,Taekwondo
Men's Singles,Table Tennis
Mixed Doubles Team,Table Tennis
Skeet Men,Shooting
Men's Greco-Roman 97kg,Wrestling
Men's 4 x 100m Freestyle Relay Team,Swimming
Women's Individual,Triathlon
Women +67kg,Taekwondo
Women's Individual,Archery
Mixed Team,Archery
Men's 800m Freestyle,Swimming
Women Team,Football
Men's Kayak,Canoe Slalom
Men Team,Water Polo
Men's Eight Team,Rowing
Women's 4 x 100m Relay Team,Athletics
Women -57kg,Taekwondo
Women's 100m Breaststroke,Swimming
Women's Shot Put,Athletics
Men's 96kg,Weightlifting
Women's Freestyle 76kg,Wrestling
Men's 100m,Athletics
Women's Freestyle 57kg,Wrestling
Women's Freestyle 62kg,Wrestling
Individual All-Around,Rhythmic Gymnastics
Women +78 kg,Judo
Women,Surfing
Men's Canoe Single 1000m,Canoe Sprint
Men's Canoe Double 1000m Team,Canoe Sprint
Men's Double Sculls Team,Rowing
Women's Quadruple Sculls Team,Rowing
Men's Two Person Dinghy - 470 Team,Sailing
Women's 1500m,Athletics
Men's 400m,Athletics
Women,Cycling BMX Racing
Women's 50m Freestyle,Swimming
Women -63 kg,Judo
Men Team,Rugby Sevens
Men's Kayak Single 1000m,Canoe Sprint
Men's Triple Jump,Athletics
Men's Freestyle 86kg,Wrestling
Men Team,Volleyball
Men's 50km Race Walk,Athletics
Women -78 kg,Judo
Women's Heptathlon,Athletics
Women's 10m Platform,Diving
Women's Synchronised 10m Platform Team,Diving
Men's Welter (63-69kg),Boxing
Men's 100m Butterfly,Swimming
Women's Freestyle 68kg,Wrestling
"Men's 10,000m",Athletics
Women's Kayak Single 200m,Canoe Sprint
Women's Kayak Single 500m,Canoe Sprint
Men's Doubles Team,Badminton
Women,Trampoline Gymnastics
Women's 4 x 100m Freestyle Relay Team,Swimming
Women's Pair Team,Rowing
Men's Greco-Roman 60kg,Wrestling
Women's 49kg,Weightlifting
Men's Greco-Roman 77kg,Wrestling
Women Team,Rugby Sevens
Men's 4 x 100m Relay Team,Athletics
10m Air Rifle Men,Shooting
50m Rifle 3 Positions Men,Shooting
Women's Team,Artistic Gymnastics
Women's Freestyle 53kg,Wrestling
25m Rapid Fire Pistol Men,Shooting
Men's High Jump,Athletics
Women Team,Volleyball
Women's Welter (64-69kg),Boxing
Men -60 kg,Judo
Women's +87kg,Weightlifting
Men's Freestyle 65kg,Wrestling
Men's Kayak Single 200m,Canoe Sprint
Men's Kumite +75kg,Karate
Jumping Team,Equestrian
Jumping Individual,Equestrian
Trap Men,Shooting
Men's Single Sculls,Rowing
Men's Greco-Roman 67kg,Wrestling
Men's Fly (48-52kg),Boxing
Men's Individual,Triathlon
Mixed Relay Team,Triathlon
Men +80kg,Taekwondo
Women Team,Hockey
Mixed Multihull - Nacra 17 Foiling Team,Sailing
Women -57 kg,Judo
Women's Eight Team,Rowing
Women's Singles,Tennis
Team,Artistic Swimming
Women's 59kg,Weightlifting
Women's 800m,Athletics
Men -80kg,Taekwondo
Duet Team,Artistic Swimming
Women's Light (57-60kg),Boxing
Men's Light Heavy (75-81kg),Boxing
Eventing Team,Equestrian
Eventing Individual,Equestrian
Women's Feather (54-57kg),Boxing
Trap Women,Shooting
Trap Mixed Team,Shooting
Men's Feather (52-57kg),Boxing
Men's 110m Hurdles,Athletics
Men's 81kg,Weightlifting
Baseball Team,Baseball/Softball
Men's 200m Breaststroke,Swimming
Women's Discus Throw,Athletics
Women's 4 x 400m Relay Team,Athletics
Men's Kumite -67kg,Karate
Men's Road Race,Cycling Road
Men's Individual Time Trial,Cycling Road
Women's 4 x 200m Freestyle Relay Team,Swimming
Men's Kata,Karate
Women's 100m Butterfly,Swimming
Women -67kg,Taekwondo
Men's 61kg,Weightlifting
Lightweight Women's Double Sculls Team,Rowing
Women -48 kg,Judo
Men's 400m Freestyle,Swimming
Men's 200m Freestyle,Swimming
Women's Team Pursuit Team,Cycling Track
Men's Middle (69-75kg),Boxing
Men's 200m,Athletics
Men's Skiff - 49er Team,Sailing
Women's 100m Hurdles,Athletics
Women's Team,Archery
Women's Marathon,Athletics
Women's Kata,Karate
Men -90 kg,Judo
Men's Hammer Throw,Athletics
Skeet Women,Shooting
Men's Individual Stroke Play,Golf
Women's Hammer Throw,Athletics
Men's Park,Skateboarding
Women's 100m Freestyle,Swimming
Women's 200m Freestyle,Swimming
Women's 4 x 100m Medley Relay Team,Swimming
Women's 10km,Marathon Swimming
4 x 400m Relay Mixed,Athletics
Women's 20km Race Walk,Athletics
Men,Surfing
Women's 200m Individual Medley,Swimming
Women's 64kg,Weightlifting
"Women's 10,000m",Athletics
Men,Cycling BMX Racing
Men's 1500m,Athletics
Women's Canoe Single 200m,Canoe Sprint
Women's Canoe Double 500m Team,Canoe Sprint
Women's Javelin Throw,Athletics
Men's 50m Freestyle,Swimming
Men's 200m Individual Medley,Swimming
Men's 4 x 100m Medley Relay Team,Swimming
Women Team,Water Polo
Women's Sprint,Cycling Track
Women's Keirin,Cycling Track
Women's 87kg,Weightlifting
Men's 67kg,Weightlifting
Women's One Person Dinghy - Laser Radial,Sailing
Men's Singles,Tennis
Men's Doubles Team,Tennis
Women's Four Team,Rowing
Men's Kayak Double 1000m Team,Canoe Sprint
Men's Kayak Four 500m Team,Canoe Sprint
Men's Quadruple Sculls Team,Rowing
Women's Team Sprint Team,Cycling Track
Women's Double Sculls Team,Rowing
Women's Sabre Individual,Fencing
Women's Sabre Team,Fencing
Men's Street,Skateboarding
Women's Doubles Team,Tennis
Men's Team,Table Tennis
Men's 4 x 200m Freestyle Relay Team,Swimming
Women -70 kg,Judo
Women's Long Jump,Athletics
Men's One Person Dinghy - Laser,Sailing
Women's Individual,Modern Pentathlon
Women's Omnium,Cycling Track
Women's Madison Team,Cycling Track
Women's 100m Backstroke,Swimming
Men's 3m Springboard,Diving
Men's 20km Race Walk,Athletics
Women's Kayak Double 500m Team,Canoe Sprint
Women's Two Person Dinghy - 470 Team,Sailing
Men's 10m Platform,Diving
Women's Park,Skateboarding
Men's 100m Backstroke,Swimming
Men's 400m Individual Medley,Swimming
10m Air Rifle Women,Shooting
50m Rifle 3 Positions Women,Shooting
10m Air Rifle Mixed Team,Shooting
Women Team,Beach Volleyball
Men -58kg,Taekwondo
25m Pistol Women,Shooting
Men's +109kg,Weightlifting
Women's Individual Stroke Play,Golf
Men's Windsurfer - RS:X,Sailing
Women's 4 x 100m Relay,Athletics
Men's 200m Backstroke,Swimming
Mixed Doubles Team,Tennis
Men's Cross-country,Cycling Mountain Bike
Women's 200m Butterfly,Swimming
Men's Sprint,Cycling Track
Men's Keirin,Cycling Track
Dressage Team,Equestrian
Dressage Individual,Equestrian
Women's 200m,Athletics
Women's Foil Individual,Fencing
Women's Foil Team,Fencing
Women's 1500m Freestyle,Swimming
Men's 109kg,Weightlifting
Men's 200m Butterfly,Swimming
Women's 200m Backstroke,Swimming
Women's Kumite -55kg,Karate
Men's Discus Throw,Athletics
Women's Singles,Table Tennis
Men's Synchronised 10m Platform Team,Diving
Women's 400m Individual Medley,Swimming
Men's Épée Individual,Fencing
Men's Épée Team,Fencing
Women's Madison,Cycling Track
Men +100 kg,Judo
Men's Decathlon,Athletics
Women's 5000m,Athletics
Women's Cross-country,Cycling Mountain Bike
Women Team,3x3 Basketball
Women's Windsurfer - RS:X,Sailing
Women's 400m Hurdles,Athletics
Women's 200m Breaststroke,Swimming
Men Team,3x3 Basketball
Men's Individual,Modern Pentathlon
Women's Épée Team,Fencing
Women's 800m Freestyle,Swimming
Women's Park,Cycling BMX Freestyle
Women's Pole Vault,Athletics
Women's Street,Skateboarding
Men's Canoe,Canoe Slalom
Men's Four Team,Rowing
Men's One Person Dinghy (Heavyweight) - Finn,Sailing
Men's Team Pursuit Team,Cycling Track
Men's Madison Team,Cycling Track
Women's Canoe,Canoe Slalom
Men's Long Jump,Athletics
Men's Team Sprint Team,Cycling Track
Women's Doubles Team,Badminton
Men's Pole Vault,Athletics
Women's 400m Freestyle,Swimming
Women's Kayak Four 500m Team,Canoe Sprint
Mixed Doubles Team,Badminton
Men -100 kg,Judo
Women's High Jump,Athletics
Women's Fly (48-51kg),Boxing
Women's Kayak,Canoe Slalom
Men's Park,Cycling BMX Freestyle
Women's Middle (69-75kg),Boxing
Men's Synchronised 3m Springboard Team,Diving
Women's Combined,Sport Climbing
Women's 55kg,Weightlifting
Men's Combined,Sport Climbing
Women's Kumite -61kg,Karate
Men's 4 x 400m Relay,Athletics
Men's Omnium,Cycling Track
Men's Freestyle 97kg,Wrestling
Women's Freestyle 50kg,Wrestling
Women's Triple Jump,Athletics
Men's 4 x 100m Relay,Athletics
Women's 4 x 400m Relay,Athletics
Marathon Race Walk Relay Mixed,Athletics
Duet,Artistic Swimming
Men's +102kg,Weightlifting
Men's Kayak Single,Canoe Slalom
Men's Kayak Cross,Canoe Slalom
Men's 63.5kg,Boxing
Men's 71kg,Boxing
Women's Dinghy,Sailing
Women's Windsurfing,Sailing
Lightweight Men's Double Sculls,Rowing
Women,Artistic Gymnastics
Men's Synchronised 10m Platform,Diving
Women's Synchronised 10m Platform,Diving
Men's Synchronised 3m Springboard,Diving
Group All-Around,Rhythmic Gymnastics
Women's Kayak Single,Canoe Slalom
Women's Kayak Cross,Canoe Slalom
Women's Kayak Double 500m,Canoe Sprint
Women's 60kg,Boxing
Women's 57kg,Boxing
Men's Kite,Sailing
Men,Football
Men's Dinghy,Sailing
Women's 4 x 100m Medley Relay,Swimming
Men's Speed,Sport Climbing
Mixed Doubles,Badminton
Men's 89kg,Weightlifting
Men's 102kg,Weightlifting
Mixed Multihull,Sailing
Men's Windsurfing,Sailing
Women's Kite,Sailing
Skeet Mixed Team,Shooting
Women,Hockey
Men,Hockey
Lightweight Women's Double Sculls,Rowing
Men,Artistic Gymnastics
Men's Doubles,Badminton
Women's Doubles,Badminton
Men,Rugby Sevens
Women's 66kg,Boxing
Women's 4 x 100m Freestyle Relay,Swimming
Relay Only Athlete,Swimming
Men's 4 x 100m Medley Relay,Swimming
Men's 10km,"Marathon Swimming, Swimming"
Men's 1500m Freestyle,"Marathon Swimming, Swimming"
Men's 800m Freestyle,"Marathon Swimming, Swimming"
Women's Team Pursuit,Cycling Track
Women's Pair,Rowing
Women's Four,Rowing
Men,Handball
Men's +92kg,Boxing
Women's 50kg,Boxing
Women's 54kg,Boxing
Men's 57kg,Boxing
Mixed Doubles,Table Tennis
Men's Canoe Double 500m,Canoe Sprint
Men's Doubles,Tennis
B-Boys,Breaking
B-Girls,Breaking
Women's 81kg,Weightlifting
Women's 75kg,Boxing
Women,Rugby Sevens
Men's Skiff,Sailing
Men's Double Sculls,Rowing
Men's Pair,Rowing
Women's Double Sculls,Rowing
Women's 71kg,Weightlifting
Women's +81kg,Weightlifting
Men's Boulder & Lead,Sport Climbing
Women's Boulder & Lead,Sport Climbing
Men's Canoe Single,Canoe Slalom
Men's 92kg,Boxing
Women,Beach Volleyball
Men's Quadruple Sculls,Rowing
Men's Four,Rowing
Men's Eight,Rowing
Women's Eight,Rowing
Men,Beach Volleyball
Women,Basketball
Women's Doubles,Tennis
Men's 51kg,Boxing
Women's Canoe Double 500m,Canoe Sprint
Women's Quadruple Sculls,Rowing
Women's Canoe Single,Canoe Slalom
Women's Team Sprint,Cycling Track
Women's Speed,Sport Climbing
Women,Handball
Mixed Doubles,Tennis
Men's 80kg,Boxing
Men,Water Polo
Mixed Dinghy,Sailing
Women's Skiff,Sailing
Women's Road Race,"Cycling Road, Cycling Track"
Women's Keirin,"Cycling Road, Cycling Track"
Women's Sprint,"Cycling Road, Cycling Track"
Men,Basketball
Men,Volleyball
Men's 200m Freestyle,"Marathon Swimming, Swimming"
Men's 400m Freestyle,"Marathon Swimming, Swimming"
Men's Madison,Cycling Track
Women's Kayak Four 500m,Canoe Sprint
Men's Kayak Four 500m,Canoe Sprint
Men,3x3 Basketball
Men's Kayak Double 500m,Canoe Sprint
Women,3x3 Basketball
Men's 4 x 100m Freestyle Relay,Swimming
Mixed 4 x 100m Medley Relay,Swimming
Women,Volleyball
Men's Team Pursuit,Cycling Track
Men's Road Race,"Cycling Road, Cycling Track"
Men's Madison,"Cycling Road, Cycling Track"
Men's Team Pursuit,"Cycling Road, Cycling Track"
Women,Football
Women's 4 x 200m Freestyle Relay,Swimming
Men's Team Sprint,Cycling Track
Women's Individual Time Trial,"Cycling Road, Cycling Track"
Women's Team Pursuit,"Cycling Road, Cycling Track"
Men's 4 x 200m Freestyle Relay,Swimming
Women's Road Race,"Cycling Road, Cycling Mountain Bike"
Women's Cross-country,"Cycling Road, Cycling Mountain Bike"
Women's Synchronised 3m Springboard,Diving
Women's Omnium,"Cycling Road, Cycling Track"
Women,Water Polo
Women's 10km,"Marathon Swimming, Swimming"
Women's 1500m Freestyle,"Marathon Swimming, Swimming"
Women's 400m Freestyle,"Marathon Swimming, Swimming"
Men's Road Race,"Cycling Road, Cycling Mountain Bike"
Men's Cross-country,"Cycling Road, Cycling Mountain Bike"
Women's Madison,"Cycling Road, Cycling Track"
Men's Omnium,"Cycling Road, Cycling Track"
Men's Individual Time Trial,"Cycling Road, Cycling Track"
Women's Individual Time Trial,"Cycling Road, Triathlon"
Women's Individual,"Cycling Road, Triathlon"
Women's 400m Individual Medley,"Marathon Swimming, Swimming"
Women,"3x3 Basketball, Basketball"
Men's 4 x 200m Freestyle Relay,"Marathon Swimming, Swimming"
Mixed Relay,Triathlon
